<?xml version="1.0" encoding="UTF-8" ?>
<!DOCTYPE struts PUBLIC
"-//Apache Software Foundation//DTD Struts Configuration 2.0//EN"
"http://struts.apache.org/dtds/struts-2.0.dtd">

<struts>
	<constant name="struts.devMode" value="true" />
	

	<package name="user" namespace="/User" extends="struts-default">
		<action name="Login">
			<result>pages/input.jsp</result>
		</action>

		<action name="Welcome" class="co.edureka.user.action.GreetAction">
			<result name="SUCCESS">pages/greet.jsp</result>
		</action>
	</package>



</struts>